Workbook

Sheet Instructions
A1: SnapTracker9000 - Template Instructions
A3: This template contains the full SnapTracker9000 system with six tabs.
A4: Upload this file to Google Drive and open it with Google Sheets for all formulas to work.
A6: TABS INCLUDED:
A7: 1. Form Responses 1 - Raw data from Google Form (do not edit)
A8: 2. Processed Data - Core processing layer with Good/Bad logic and helper columns
A9: 3. Dashboard - Overall performance summary
A10: 4. Trends - Daily trends with charts (Good % and Issue trends)
A11: 5. FG vs PUNT Trends - Side-by-side PAT/FG vs Punt daily tracking + 5 charts
A12: 6. Daily Snapshot - Quick coach view with date selector (large readable format)
A14: IMPORTANT NOTES:
A15: - After uploading to Google Sheets, the QUERY and ARRAYFORMULA formulas will calculate automatically.
... A18: - Sample data is included so you can see how everything works immediately.

Sheet Form Responses 1
A1: Timestamp | B1: Type | C1: Placement_Issue | D1: Speed_Issue | E1: Spin_Issue | F1: Notes
A2: 46180.5 | B2: PAT/FG | C2: No | D2: No | E2: No
A3: 46180.51 | B3: Punt | C3: Yes | D3: No | E3: No | F3: Rushed it
A4: 46180.52 | B4: PAT/FG | C4: No | D4: No | E4: Yes

Sheet Processed Data
A1: Timestamp | B1: Type | C1: Placement_Issue | D1: Speed_Issue | E1: Spin_Issue | F1: Notes | G1: PT_Timestamp | H1: Date | I1: Good_Snap | J1: Issue_Summary | K1: Is_Good | L1: Is_Placement | M1: Is_Speed | N1: Is_Spin
A2: =QUERY('Form Responses 1'!A2:F, "SELECT * WHERE A IS NOT NULL ORDER BY A", 0) | G2: =ARRAYFORMULA(IF(A2:A="","",A2:A-7/24)) | H2: =ARRAYFORMULA(IF(G2:G="","",INT(G2:G))) | I2: =ARRAYFORMULA(IF(A2:A="","",IF((C2:C="No")*(D2:D="No")*(E2:E="No"),"Good","Bad"))) | J2: =ARRAYFORMULA(IF(A2:A="","",SUBSTITUTE(TRIM(IF(C2:C="Yes","Placement ","")&IF(D2:D="Yes","Speed ","")&IF(E2:E="Yes","Spin ",""))," ",", "))) | K2: =ARRAYFORMULA(IF(A2:A="","",IF(I2:I="Good",1,0))) | L2: =ARRAYFORMULA(IF(A2:A="","",IF(C2:C="Yes",1,0))) | M2: =ARRAYFORMULA(IF(A2:A="","",IF(D2:D="Yes",1,0))) | N2: =ARRAYFORMULA(IF(A2:A="","",IF(E2:E="Yes",1,0)))

Sheet Dashboard
A1: Long Snapping Dashboard
A3: Overall Performance
A4: Total Snaps: | B4: =COUNTA('Processed Data'!A2:A)
A5: Good Snaps: | B5: =COUNTIF('Processed Data'!I2:I,"Good")
A6: Good %: | B6: =IF(B4=0,0,B5/B4)
A8: By Snap Type
A9: Type | B9: PAT/FG | C9: Punt
A10: Total Snaps | B10: =COUNTIF('Processed Data'!B2:B,"PAT/FG") | C10: =COUNTIF('Processed Data'!B2:B,"Punt")

Sheet Trends
A1: Daily Trends
A3: Date | B3: Total Snaps | C3: Good Snaps | D3: Placement Issues | E3: Speed Issues | F3: Spin Issues | G3: Good % | H3: Placement % | I3: Speed % | J3: Spin %
A4: =QUERY('Processed Data'!A:N,"SELECT H, COUNT(A), SUM(K), SUM(L), SUM(M), SUM(N) WHERE H IS NOT NULL GROUP BY H ORDER BY H",0) | G4: =ARRAYFORMULA(IF(B4:B="","",C4:C/B4:B)) | H4: =ARRAYFORMULA(IF(B4:B="","",D4:D/B4:B)) | I4: =ARRAYFORMULA(IF(B4:B="","",E4:E/B4:B)) | J4: =ARRAYFORMULA(IF(B4:B="","",F4:F/B4:B))

Sheet FG vs PUNT Trends
A1: PAT/FG vs Punt Trends
A2: Daily performance broken down by snap type
A4: Date | B4: Total Snaps | C4: Good Snaps | D4: Placement Issues | E4: Speed Issues | F4: Spin Issues | G4: Good % | H4: Placement % | I4: Speed % | J4: Spin % | L4: Date | M4: Total Snaps | N4: Good Snaps | O4: Placement Issues | P4: Speed Issues | Q4: Spin Issues | R4: Good % | S4: Placement % | T4: Speed % | U4: Spin %
A5: =QUERY('Processed Data'!A:N,"SELECT H, COUNT(A), SUM(K), SUM(L), SUM(M), SUM(N) WHERE B = 'PAT/FG' AND H IS NOT NULL GROUP BY H ORDER BY H label H 'Date', COUNT(A) 'Total Snaps', SUM(K) 'Good Snaps', SUM(L) 'Placement Issues', SUM(M) 'Speed Issues', SUM(N) 'Spin Issues'",0) | L5: =QUERY('Processed Data'!A:N,"SELECT H, COUNT(A), SUM(K), SUM(L), SUM(M), SUM(N) WHERE B = 'Punt' AND H IS NOT NULL GROUP BY H ORDER BY H label H 'Date', COUNT(A) 'Total Snaps', SUM(K) 'Good Snaps', SUM(L) 'Placement Issues', SUM(M) 'Speed Issues', SUM(N) 'Spin Issues'",0)
G6: =ARRAYFORMULA(IF(B6:B="","",C6:C/B6:B)) | H6: =ARRAYFORMULA(IF(B6:B="","",D6:D/B6:B)) | I6: =ARRAYFORMULA(IF(B6:B="","",E6:E/B6:B)) | J6: =ARRAYFORMULA(IF(B6:B="","",F6:F/B6:B)) | R6: =ARRAYFORMULA(IF(M6:M="","",N6:N/M6:M)) | S6: =ARRAYFORMULA(IF(M6:M="","",O6:O/M6:M)) | T6: =ARRAYFORMULA(IF(M6:M="","",P6:P/M6:M)) | U6: =ARRAYFORMULA(IF(M6:M="","",Q6:Q/M6:M))

Sheet Daily Snapshot
A1: DAILY SNAPSHOT - Coach View
A3: Select Practice Date: | C3: 46180
A6: Total Snaps Today
A7: =IF(C3="","",INDEX('FG vs PUNT Trends'!B6:B,MATCH(C3,'FG vs PUNT Trends'!A6:A,0))+INDEX('FG vs PUNT Trends'!M6:M,MATCH(C3,'FG vs PUNT Trends'!L6:L,0)))
A9: PAT/FG Snaps | B9: =IF(C3="","",INDEX('FG vs PUNT Trends'!B6:B,MATCH(C3,'FG vs PUNT Trends'!A6:A,0))) | C9: Good % | D9: =IF(C3="","",INDEX('FG vs PUNT Trends'!G6:G,MATCH(C3,'FG vs PUNT Trends'!A6:A,0)))
A10: Punt Snaps | B10: =IF(C3="","",INDEX('FG vs PUNT Trends'!M6:M,MATCH(C3,'FG vs PUNT Trends'!L6:L,0))) | C10: Good % | D10: =IF(C3="","",INDEX('FG vs PUNT Trends'!R6:R,MATCH(C3,'FG vs PUNT Trends'!L6:L,0)))
A12: PAT/FG Issues Summary | D12: Punt Issues Summary
A13: Placement % | B13: =IF(C3="","",INDEX('FG vs PUNT Trends'!H6:H,MATCH(C3,'FG vs PUNT Trends'!A6:A,0))) | D13: Placement % | E13: =IF(C3="","",INDEX('FG vs PUNT Trends'!S6:S,MATCH(C3,'FG vs PUNT Trends'!L6:L,0)))
A14: Speed % | B14: =IF(C3="","",INDEX('FG vs PUNT Trends'!I6:I,MATCH(C3,'FG vs PUNT Trends'!A6:A,0))) | D14: Speed % | E14: =IF(C3="","",INDEX('FG vs PUNT Trends'!T6:T,MATCH(C3,'FG vs PUNT Trends'!L6:L,0)))
A15: Spin % | B15: =IF(C3="","",INDEX('FG vs PUNT Trends'!J6:J,MATCH(C3,'FG vs PUNT Trends'!A6:A,0))) | D15: Spin % | E15: =IF(C3="","",INDEX('FG vs PUNT Trends'!U6:U,MATCH(C3,'FG vs PUNT Trends'!L6:L,0)))
